iter	Logloss
0	0.3020521008
1	0.2361285827
2	0.2030870492
3	0.1900930923
4	0.1842919356
5	0.181050000666	0.177746930677	0.176438054688	0.175219482999	0.1743929365110	0.1727762678111	0.1727310501212	0.1716426921313	0.1712546281414	0.1710288421515	0.1705091101616	0.169423859117	0.1692420324118	0.1686427311919	0.1680525612020	0.1675528432121	0.1669511142222	0.166539467223	0.1662047343224	0.1658044123225	0.1654468349226	0.1649950788227	0.1642467922228	0.1638229162229	0.1628690643330	0.1619647363131	0.1612022583232	0.1607569513333	0.1603849383434	0.1600695443535	0.1594820803636	0.1586121833737	0.1583626583838	0.1579781143939	0.157471847440	0.1565270342441	0.1558783832442	0.1553013824443	0.1552127994444	0.1548631764445	0.1545515154446	0.1539799554447	0.1536636564448	0.1532934644449	0.1529110655550	0.1523457951551	0.1521708752552	0.1517635853553	0.1514736054554	0.1511099555555	0.1508855956556	0.1506116557557	0.150099455858	0.1496019855959	0.1493996566060	0.1488295966161	0.1483782062	62	0.1481854363663	0.1475611464664	0.1470521665665	0.146857976666	0.1465520467	67	0.1462420468	68	0.1457712969	69	0.1451688970	70	0.144920497171	0.1444777007272	0.1441465147373	0.1438217867474	0.1436970827575	0.1435809107676	0.1435104507777	0.1429792187878	0.1424583927979	0.142219645
7
7
