iter	Logloss
0	0.3971379079
1	0.2948071008
2	0.2485317264
3	0.2234301236
4	0.1999099972
5	0.1911955509
6	0.185423103
7	0.1818391502
8	0.1789139278
9	0.1777263845
